[{"id":1,"name":"Byfield Chicken Food","type":"Feed","description":"goku","weight":"3.0","brand":"Byfield","stock":70,"retailCost":3500.0,"wholesaleCost":2000.0,"supplier":"Byfield Products","stockChangeHistory":[{"date":"2023-11-29","oldStock":70,"newStock":70}]},{"id":2,"name":"Ben's Hoe","type":"Tool","description":"l","weight":"2.0","brand":"Ben's","stock":10,"retailCost":2550.0,"wholesaleCost":1.0,"supplier":"Ben's","stockChangeHistory":[{"date":"2023-11-29","oldStock":14,"newStock":12},{"date":"2023-11-29","oldStock":12,"newStock":10}]},{"id":3,"name":"Joja Speed Gro","type":"Fertilizer","description":"l","weight":"5.0","brand":"Joja","stock":100,"retailCost":100.0,"wholesaleCost":40.0,"supplier":"Joja Corp","stockChangeHistory":[]},{"id":4,"name":"Joja Starfruit Seeds","type":"Seeds","description":"l","weight":"1.0","brand":"Joja","stock":1500,"retailCost":2200.0,"wholesaleCost":1000.0,"supplier":"Joja Corp","stockChangeHistory":[]},{"id":5,"name":"Ben's Wheelbarrow","type":"Tool","description":"l","weight":"20.0","brand":"Ben's","stock":5,"retailCost":6000.0,"wholesaleCost":3500.0,"supplier":"Ben's","stockChangeHistory":[]},{"id":6,"name":"Euclid Grape Seeds","type":"Seeds","description":"l","weight":"2.0","brand":"Euclid","stock":314,"retailCost":3140.0,"wholesaleCost":314.0,"supplier":"Euclid","stockChangeHistory":[]},{"id":7,"name":"Old Irish Potato Seeds","type":"Seeds","description":"l","weight":"3.0","brand":"Old Irish","stock":989,"retailCost":500.0,"wholesaleCost":100.0,"supplier":"Old Irish","stockChangeHistory":[{"date":"2023-11-29","oldStock":999,"newStock":989}]},{"id":8,"name":"Everlee's Ceramic Planters","type":"Pot","description":"l","weight":"7.0","brand":"Everlee's","stock":30,"retailCost":1500.0,"wholesaleCost":700.0,"supplier":"Auxuiliary Horticultural Hardware Company","stockChangeHistory":[]},{"id":9,"name":"Hardy Man's Plant and Tree Pruner","type":"Tool","description":"l","weight":"3.0","brand":"Hardy Man's","stock":9,"retailCost":5000.0,"wholesaleCost":2000.0,"supplier":"Auxuiliary Horticultural Hardware Company","stockChangeHistory":[{"date":"2023-11-29","oldStock":10,"newStock":9},{"date":"2023-11-29","oldStock":9,"newStock":9}]},{"id":10,"name":"Everlee's Gardening Gloves","type":"Other","description":"l","weight":"0.4","brand":"Everlee's","stock":49,"retailCost":700.0,"wholesaleCost":255.55,"supplier":"Auxuiliary Horticultural Hardware Company","stockChangeHistory":[{"date":"2023-11-29","oldStock":50,"newStock":49}]}]