[{"name":"Byfield Products","address":"5 Haiden Lane","email":"ByfieldProducts@gmail.com","number":"876-555-2921"},{"name":"Joja Corp","address":"22 Bayfarm Road","email":"JojaCorp2016@gmail.com","number":"876-555-2016"},{"name":"Ben's","address":"93 New Stuttgart Place","email":"BensSupplies@Outlook.com","number":"876-555-1926"},{"name":"Euclid","address":"15b Athens Boulevard","email":"TheOneEuclid1@yahoo.com","number":"876-555-9265"},{"name":"Old Irish","address":"27 Cincinnati Avenue","email":"EarlyJamaicanOldIrish@gmail.com","number":"876-555-6414"},{"name":"Auxuiliary Horticultural Hardware Company","address":"90 Veevee Road","email":"AHHCO@yahoo.com","number":"876-555-1866"},{"name":"Elmo's ltd.","address":"55 Backyardigan Street","email":"ElmosShop@Outlook.com","number":"876-555-9256"}]